Date,Dollar-INR
2025-03-07,87.1
2025-03-06,87.011
2025-03-05,86.88
2025-03-04,87.255
2025-03-03,87.26
2025-02-28,87.466
2025-02-27,87.33
2025-02-26,87.113
2025-02-25,87.13
2025-02-24,86.66
2025-02-21,86.572
2025-02-20,86.561
2025-02-19,86.89
2025-02-18,86.867
2025-02-17,86.809
2025-02-14,86.62
2025-02-13,86.69
2025-02-12,86.9
2025-02-11,86.789
2025-02-10,87.469
2025-02-07,87.627
2025-02-06,87.58
2025-02-05,87.336
2025-02-04,87.07
2025-02-03,86.96
2025-01-31,86.536
2025-01-30,86.545
2025-01-29,86.63
2025-01-28,86.584
2025-01-27,86.35
2025-01-24,86.2
2025-01-23,86.43
2025-01-22,86.45
2025-01-21,86.452
2025-01-20,86.209
2025-01-17,86.571
2025-01-16,86.57
2025-01-15,86.38
2025-01-14,86.525
2025-01-13,86.646
2025-01-10,86.165
2025-01-09,85.89
2025-01-08,85.917
2025-01-07,85.803
2025-01-06,85.7
2025-01-03,85.761
2025-01-02,85.76
2025-01-01,85.645
2024-12-31,85.554
2024-12-30,85.474
2024-12-27,85.388
2024-12-26,85.254
2024-12-25,85.198
2024-12-24,85.176
2024-12-23,85.095
2024-12-20,84.947
2024-12-19,85.088
2024-12-18,84.867
2024-12-17,84.902
2024-12-16,84.89
2024-12-13,84.782
2024-12-12,84.825
2024-12-11,84.795
2024-12-10,84.88
2024-12-09,84.829
2024-12-06,84.668
2024-12-05,84.684
2024-12-04,84.693
2024-12-03,84.676
2024-12-02,84.74
2024-11-29,84.559
2024-11-28,84.445
2024-11-27,84.41
2024-11-26,84.319
2024-11-25,84.26
2024-11-22,84.426
2024-11-21,84.495
2024-11-20,84.36
2024-11-19,84.39
2024-11-18,84.398
2024-11-15,84.424
2024-11-14,84.461
2024-11-13,84.416
2024-11-12,84.38
2024-11-11,84.379
2024-11-08,84.395
2024-11-07,84.293
2024-11-06,84.31
2024-11-05,84.109
2024-11-04,84.13
2024-11-01,84.08
2024-10-31,84.061
2024-10-30,84.08
2024-10-29,84.05
2024-10-28,84.06
2024-10-25,84.095
2024-10-24,84.05
2024-10-23,84.056
2024-10-22,84.07
2024-10-21,84.07
2024-10-18,84.065
2024-10-17,84.035
2024-10-16,84.03
2024-10-15,84.04
2024-10-14,84.045
2024-10-11,84.101
2024-10-10,83.94
2024-10-09,83.95
2024-10-08,83.945
2024-10-07,83.98
2024-10-04,84.023
2024-10-03,83.99
2024-10-02,83.92
2024-10-01,83.9
2024-09-30,83.755
2024-09-27,83.71
2024-09-26,83.601
2024-09-25,83.6
2024-09-24,83.6
2024-09-23,83.53
2024-09-20,83.485
2024-09-19,83.62
2024-09-18,83.65
2024-09-17,83.747
2024-09-16,83.84
2024-09-13,83.88
2024-09-12,83.92
2024-09-11,83.96
2024-09-10,83.949
2024-09-09,83.928
2024-09-06,83.985
2024-09-05,83.961
2024-09-04,83.96
2024-09-03,83.95
2024-09-02,83.88
2024-08-30,83.867
2024-08-29,83.88
2024-08-28,83.9
2024-08-27,83.91
2024-08-26,83.84
2024-08-23,83.809
2024-08-22,83.93
2024-08-21,83.87
2024-08-20,83.75
2024-08-19,83.85
2024-08-16,83.88
2024-08-15,83.94
2024-08-14,83.96
2024-08-13,83.91
2024-08-12,83.93
2024-08-09,83.945
2024-08-08,83.99
2024-08-07,83.885
2024-08-06,83.93
2024-08-05,84.018
2024-08-02,83.794
2024-08-01,83.71
2024-07-31,83.699
2024-07-30,83.72
2024-07-29,83.748
2024-07-26,83.703
2024-07-25,83.72
2024-07-24,83.71
2024-07-23,83.676
2024-07-22,83.651
2024-07-19,83.724
2024-07-18,83.58
2024-07-17,83.58
2024-07-16,83.524
2024-07-15,83.551
2024-07-12,83.513
2024-07-11,83.507
2024-07-10,83.51
2024-07-09,83.465
2024-07-08,83.5
2024-07-05,83.5
2024-07-04,83.475
2024-07-03,83.52
2024-07-02,83.5
2024-07-01,83.438
2024-06-28,83.355
2024-06-27,83.438
2024-06-26,83.56
2024-06-25,83.403
2024-06-24,83.45
2024-06-21,83.558
2024-06-20,83.62
2024-06-19,83.46
2024-06-18,83.33
2024-06-17,83.5
2024-06-14,83.547
2024-06-13,83.54
2024-06-12,83.43
2024-06-11,83.6
2024-06-10,83.5
2024-06-07,83.521
2024-06-06,83.466
2024-06-05,83.37
2024-06-04,83.524
2024-06-03,83.083
2024-05-31,83.424
2024-05-30,83.28
2024-05-29,83.34
2024-05-28,83.16
2024-05-27,83.102
2024-05-24,83.06
2024-05-23,83.24
2024-05-22,83.22
2024-05-21,83.25
2024-05-20,83.28
2024-05-17,83.28
2024-05-16,83.45
2024-05-15,83.411
2024-05-14,83.482
2024-05-13,83.46
2024-05-10,83.541
2024-05-09,83.441
2024-05-08,83.462
2024-05-07,83.458
2024-05-06,83.48
2024-05-03,83.376
2024-05-02,83.435
2024-05-01,83.455
2024-04-30,83.45
2024-04-29,83.41
2024-04-26,83.4
2024-04-25,83.31
2024-04-24,83.319
2024-04-23,83.269
2024-04-22,83.36
2024-04-19,83.358
2024-04-18,83.53
2024-04-17,83.65
2024-04-16,83.637
2024-04-15,83.484
2024-04-12,83.54
2024-04-11,83.324
2024-04-10,83.389
2024-04-09,83.182
2024-04-08,83.27
2024-04-05,83.293
2024-04-04,83.34
2024-04-03,83.504
2024-04-02,83.322
2024-04-01,83.36
2024-03-29,83.35
2024-03-28,83.352
2024-03-27,83.294
2024-03-26,83.309
2024-03-25,83.405
2024-03-22,83.582
2024-03-21,83.174
2024-03-20,83.173
2024-03-19,83.007
2024-03-18,82.9
2024-03-15,82.883
2024-03-14,82.915
2024-03-13,82.82
2024-03-12,82.786
2024-03-11,82.72
2024-03-08,82.739
2024-03-07,82.708
2024-03-06,82.78
2024-03-05,82.891
2024-03-04,82.911
2024-03-01,82.841
2024-02-29,82.9
2024-02-28,82.9
2024-02-27,82.877
2024-02-26,82.846
2024-02-23,82.859
2024-02-22,82.837
2024-02-21,82.93
2024-02-20,82.89
2024-02-19,83.026
2024-02-16,83.013
2024-02-15,82.988
2024-02-14,83.034
2024-02-13,83.098
2024-02-12,82.97
2024-02-09,83.0
2024-02-08,82.978
2024-02-07,82.977
2024-02-06,83.062
2024-02-05,83.036
2024-02-02,82.999
2024-02-01,82.947
2024-01-31,83.095
2024-01-30,83.12
2024-01-29,83.134
2024-01-26,83.115
2024-01-25,83.144
2024-01-24,83.13
2024-01-23,83.15
2024-01-22,83.1
2024-01-19,83.086
2024-01-18,83.165
2024-01-17,83.182
2024-01-16,83.084
2024-01-15,82.827
2024-01-12,82.857
2024-01-11,83.063
2024-01-10,83.023
2024-01-09,83.109
2024-01-08,83.045
2024-01-05,83.103
2024-01-04,83.243
2024-01-03,83.282
2024-01-02,83.27
2024-01-01,83.238
2023-12-29,83.19
2023-12-28,83.169
2023-12-27,83.263
2023-12-26,83.158
2023-12-25,83.164
2023-12-22,83.166
2023-12-21,83.214
2023-12-20,83.139
2023-12-19,83.106
2023-12-18,83.144
2023-12-15,83.02
2023-12-14,83.307
2023-12-13,83.35
2023-12-12,83.396
2023-12-11,83.35
2023-12-08,83.425
2023-12-07,83.343
2023-12-06,83.332
2023-12-05,83.32
2023-12-04,83.426
2023-12-01,83.26
2023-11-30,83.357
2023-11-29,83.352
2023-11-28,83.34
2023-11-27,83.33
2023-11-24,83.34
2023-11-23,83.305
2023-11-22,83.287
2023-11-21,83.308
2023-11-20,83.317
2023-11-17,83.244
2023-11-16,83.152
2023-11-15,83.188
2023-11-14,82.973
2023-11-13,83.18
2023-11-10,83.309
2023-11-09,83.315
2023-11-08,83.213
2023-11-07,83.23
2023-11-06,83.218
2023-11-03,83.14
2023-11-02,83.234
2023-11-01,83.237
2023-10-31,83.256
2023-10-30,83.25
2023-10-27,83.265
2023-10-26,83.243
2023-10-25,83.14
2023-10-24,83.01
2023-10-23,83.071
2023-10-20,83.15
2023-10-19,83.097
2023-10-18,83.29
2023-10-17,83.24
2023-10-16,83.19
2023-10-13,83.255
2023-10-12,83.29
2023-10-11,83.16
2023-10-10,83.162
2023-10-09,83.254
2023-10-06,83.118
2023-10-05,83.2
2023-10-04,83.25
2023-10-03,83.214
2023-10-02,83.174
2023-09-29,83.03
2023-09-28,83.15
2023-09-27,83.181
2023-09-26,83.23
2023-09-25,83.13
2023-09-22,82.97
2023-09-21,83.102
2023-09-20,82.92
2023-09-19,83.31
2023-09-18,83.27
2023-09-15,83.069
2023-09-14,83.01
2023-09-13,82.934
2023-09-12,82.85
2023-09-11,82.9
2023-09-08,83.004
2023-09-07,83.15
2023-09-06,83.197
2023-09-05,83.033
2023-09-04,82.715
2023-09-01,82.689
2023-08-31,82.702
2023-08-30,82.607
2023-08-29,82.574
2023-08-28,82.6
2023-08-25,82.637
2023-08-24,82.58
2023-08-23,82.508
2023-08-22,83.04
2023-08-21,83.09
2023-08-18,83.14
2023-08-17,83.13
2023-08-16,83.209
2023-08-15,83.212
2023-08-14,83.17
2023-08-11,82.87
2023-08-10,82.616
2023-08-09,82.844
2023-08-08,82.853
2023-08-07,82.75
2023-08-04,82.668
2023-08-03,82.75
2023-08-02,82.73
2023-08-01,82.34
2023-07-31,82.24
2023-07-28,82.225
2023-07-27,82.15
2023-07-26,81.95
2023-07-25,81.85
2023-07-24,81.79
2023-07-21,81.98
2023-07-20,82.07
2023-07-19,82.05
2023-07-18,82.06
2023-07-17,82.04
2023-07-14,82.049
2023-07-13,82.04
2023-07-12,81.98
2023-07-11,82.39
2023-07-10,82.52
2023-07-07,82.61
2023-07-06,82.758
2023-07-05,82.397
2023-07-04,81.946
2023-07-03,81.94
2023-06-30,82.091
2023-06-29,82.1
2023-06-28,82.02
2023-06-27,81.983
2023-06-26,81.97
2023-06-23,81.98
2023-06-22,81.95
2023-06-21,81.93
2023-06-20,82.0
2023-06-19,81.91
2023-06-16,81.91
2023-06-15,81.9
2023-06-14,81.95
2023-06-13,82.229
2023-06-12,82.39
2023-06-09,82.44
2023-06-08,82.488
2023-06-07,82.5
2023-06-06,82.51
2023-06-05,82.52
2023-06-02,82.398
2023-06-01,82.266
2023-05-31,82.68
2023-05-30,82.665
2023-05-29,82.586
2023-05-26,82.57
2023-05-25,82.733
2023-05-24,82.67
2023-05-23,82.83
2023-05-22,82.84
2023-05-19,82.878
2023-05-18,82.72
2023-05-17,82.4
2023-05-16,82.264
2023-05-15,82.237
2023-05-12,82.173
2023-05-11,82.09
2023-05-10,81.9
2023-05-09,82.1
2023-05-08,81.77
2023-05-05,81.7
2023-05-04,81.71
2023-05-03,81.755
2023-05-02,81.75
2023-05-01,81.77
2023-04-28,81.72
2023-04-27,81.695
2023-04-26,81.74
2023-04-25,81.965
2023-04-24,81.95
2023-04-21,82.03
2023-04-20,82.12
2023-04-19,82.265
2023-04-18,82.08
2023-04-17,81.98
2023-04-14,81.82
2023-04-13,81.65
2023-04-12,81.93
2023-04-11,82.04
2023-04-10,81.965
2023-04-07,81.86
2023-04-06,81.82
2023-04-05,81.92
2023-04-04,82.09
2023-04-03,82.19
2023-03-31,82.16
2023-03-30,82.08
2023-03-29,82.178
2023-03-28,82.172
2023-03-27,82.18
2023-03-24,82.334
2023-03-23,82.236
2023-03-22,82.505
2023-03-21,82.677
2023-03-20,82.51
2023-03-17,82.52
2023-03-16,82.62
2023-03-15,82.88
2023-03-14,82.245
2023-03-13,82.235
2023-03-10,81.96
2023-03-09,82.02
2023-03-08,81.95
2023-03-07,82.0
2023-03-06,81.81
2023-03-03,81.68
2023-03-02,82.35
2023-03-01,82.43
2023-02-28,82.64
2023-02-27,82.642
2023-02-24,82.897
2023-02-23,82.59
2023-02-22,82.83
2023-02-21,82.844
2023-02-20,82.693
2023-02-17,82.75
2023-02-16,82.71
2023-02-15,82.75
2023-02-14,82.91
2023-02-13,82.592
2023-02-10,82.51
2023-02-09,82.511
2023-02-08,82.65
2023-02-07,82.86
2023-02-06,82.74
2023-02-03,82.206
2023-02-02,82.039
2023-02-01,81.73
2023-01-31,81.739
2023-01-30,81.52
2023-01-27,81.51
2023-01-26,81.418
2023-01-25,81.491
2023-01-24,81.594
2023-01-23,81.478
2023-01-20,80.979
2023-01-19,81.24
2023-01-18,81.44
2023-01-17,81.63
2023-01-16,81.628
2023-01-13,81.28
2023-01-12,81.1
2023-01-11,81.637
2023-01-10,81.602
2023-01-09,82.17
2023-01-06,82.27
2023-01-05,82.568
2023-01-04,82.641
2023-01-03,82.774
2023-01-02,82.745
2022-12-30,82.717
2022-12-29,82.758
2022-12-28,82.736
2022-12-27,82.83
2022-12-26,82.65
2022-12-23,82.78
2022-12-22,82.96
2022-12-21,82.88
2022-12-20,82.6
2022-12-19,82.649
2022-12-16,82.706
2022-12-15,82.843
2022-12-14,82.474
2022-12-13,82.375
2022-12-12,82.634
2022-12-09,82.41
2022-12-08,82.28
2022-12-07,82.204
2022-12-06,82.48
2022-12-05,81.89
2022-12-02,81.41
2022-12-01,81.12
2022-11-30,81.359
2022-11-29,81.616
2022-11-28,81.64
2022-11-25,81.685
2022-11-24,81.613
2022-11-23,81.604
2022-11-22,81.714
2022-11-21,81.699
2022-11-18,81.617
2022-11-17,81.51
2022-11-16,81.48
2022-11-15,81.061
2022-11-14,80.965
2022-11-11,80.477
2022-11-10,80.63
2022-11-09,81.335
2022-11-08,81.37
2022-11-07,81.804
2022-11-04,81.962
2022-11-03,82.731
2022-11-02,82.712
2022-11-01,82.65
2022-10-31,82.77
2022-10-28,82.261
2022-10-27,82.368
2022-10-26,81.901
2022-10-25,82.515
2022-10-24,82.744
2022-10-21,82.529
2022-10-20,82.82
2022-10-19,83.013
2022-10-18,82.291
2022-10-17,82.171
2022-10-14,82.34
2022-10-13,82.172
2022-10-12,82.159
2022-10-11,82.256
2022-10-10,82.37
2022-10-07,82.82
2022-10-06,82.06
2022-10-05,81.631
2022-10-04,81.451
2022-10-03,81.494
2022-09-30,81.509
2022-09-29,81.461
2022-09-28,81.406
2022-09-27,81.705
2022-09-26,81.61
2022-09-23,81.25
2022-09-22,81.047
2022-09-21,79.907
2022-09-20,79.751
2022-09-19,79.693
2022-09-16,79.686
2022-09-15,79.839
2022-09-14,79.431
2022-09-13,79.577
2022-09-12,79.35
2022-09-09,79.635
2022-09-08,79.667
2022-09-07,79.63
2022-09-06,79.87
2022-09-05,79.783
2022-09-02,79.717
2022-09-01,79.673
2022-08-31,79.491
2022-08-30,79.665
2022-08-29,79.954
2022-08-26,79.961
2022-08-25,79.862
2022-08-24,79.78
2022-08-23,79.847
2022-08-22,79.85
2022-08-19,79.92
2022-08-18,79.75
2022-08-17,79.35
2022-08-16,79.248
2022-08-15,79.518
2022-08-12,79.641
2022-08-11,79.58
2022-08-10,79.09
2022-08-09,79.563
2022-08-08,79.584
2022-08-05,79.36
2022-08-04,79.16
2022-08-03,79.108
2022-08-02,78.587
2022-08-01,78.959
2022-07-29,79.336
2022-07-28,79.626
2022-07-27,79.845
2022-07-26,79.843
2022-07-25,79.691
2022-07-22,79.83
2022-07-21,79.85
2022-07-20,79.98
2022-07-19,79.85
2022-07-18,79.99
2022-07-15,79.76
2022-07-14,79.89
2022-07-13,79.65
2022-07-12,79.45
2022-07-11,79.41
2022-07-08,79.26
2022-07-07,79.175
2022-07-06,79.047
2022-07-05,79.298
2022-07-04,78.939
2022-07-01,78.956
2022-06-30,78.965
2022-06-29,78.945
2022-06-28,78.995
2022-06-27,78.44
2022-06-24,78.255
2022-06-23,78.145
2022-06-22,78.18
2022-06-21,78.133
2022-06-20,77.927
2022-06-17,77.952
2022-06-16,77.977
2022-06-15,78.171
2022-06-14,78.022
2022-06-13,78.104
2022-06-10,78.144
2022-06-09,77.815
2022-06-08,77.709
2022-06-07,77.664
2022-06-06,77.814
2022-06-03,77.615
2022-06-02,77.399
2022-06-01,77.56
2022-05-31,77.598
2022-05-30,77.554
2022-05-27,77.624
2022-05-26,77.636
2022-05-25,77.531
2022-05-24,77.475
2022-05-23,77.545
2022-05-20,77.865
2022-05-19,77.415
2022-05-18,77.81
2022-05-17,77.476
2022-05-16,77.833
2022-05-13,77.48
2022-05-12,77.435
2022-05-11,77.425
2022-05-10,77.225
2022-05-09,77.365
2022-05-06,76.979
2022-05-05,76.514
2022-05-04,76.282
2022-05-03,76.47
2022-05-02,76.485
2022-04-29,76.535
2022-04-28,76.67
2022-04-27,76.632
2022-04-26,76.68
2022-04-25,76.748
2022-04-22,76.475
2022-04-21,76.262
2022-04-20,76.269
2022-04-19,76.445
2022-04-18,76.284
2022-04-15,76.332
2022-04-14,76.292
2022-04-13,76.122
2022-04-12,76.082
2022-04-11,75.836
2022-04-08,75.96
2022-04-07,75.913
2022-04-06,75.947
2022-04-05,75.465
2022-04-04,75.451
2022-04-01,75.995
2022-03-31,75.928
2022-03-30,75.823
2022-03-29,75.666
2022-03-28,76.09
2022-03-25,76.285
2022-03-24,76.305
2022-03-23,76.53
2022-03-22,76.159
2022-03-21,76.285
2022-03-18,76.065
2022-03-17,75.937
2022-03-16,76.2
2022-03-15,76.42
2022-03-14,76.45
2022-03-11,76.511
2022-03-10,76.31
2022-03-09,76.382
2022-03-08,76.905
2022-03-07,76.975
2022-03-04,76.425
2022-03-03,75.971
2022-03-02,75.638
2022-03-01,75.782
2022-02-28,75.52
2022-02-25,75.075
2022-02-24,75.615
2022-02-23,74.64
2022-02-22,74.63
2022-02-21,74.524
2022-02-18,74.687
2022-02-17,75.105
2022-02-16,75.05
2022-02-15,75.177
2022-02-14,75.686
2022-02-11,75.348
2022-02-10,75.102
2022-02-09,74.808
2022-02-08,74.719
2022-02-07,74.655
2022-02-04,74.645
2022-02-03,74.644
2022-02-02,74.823
2022-02-01,74.751
2022-01-31,74.556
2022-01-28,75.046
2022-01-27,75.209
2022-01-26,74.903
2022-01-25,74.787
2022-01-24,74.642
2022-01-21,74.409
2022-01-20,74.468
2022-01-19,74.455
2022-01-18,74.565
2022-01-17,74.255
2022-01-14,74.156
2022-01-13,73.972
2022-01-12,73.797
2022-01-11,73.817
2022-01-10,74.025
2022-01-07,74.278
2022-01-06,74.385
2022-01-05,74.285
2022-01-04,74.53
2022-01-03,74.4
2021-12-31,74.486
2021-12-30,74.415
2021-12-29,74.57
2021-12-28,74.715
2021-12-27,74.98
2021-12-24,75.004
2021-12-23,75.035
2021-12-22,75.46
2021-12-21,75.705
2021-12-20,75.73
2021-12-17,76.013
2021-12-16,76.184
2021-12-15,76.355
2021-12-14,76.045
2021-12-13,75.77
2021-12-10,75.718
2021-12-09,75.599
2021-12-08,75.384
2021-12-07,75.409
2021-12-06,75.395
2021-12-03,75.241
2021-12-02,74.989
2021-12-01,75.021
2021-11-30,75.1
2021-11-29,75.05
2021-11-26,75.065
2021-11-25,74.502
2021-11-24,74.622
2021-11-23,74.447
2021-11-22,74.445
2021-11-19,74.35
2021-11-18,74.165
2021-11-17,74.255
2021-11-16,74.457
2021-11-15,74.404
2021-11-12,74.347
2021-11-11,74.312
2021-11-10,74.415
2021-11-09,74.175
2021-11-08,73.921
2021-11-05,74.191
2021-11-04,74.548
2021-11-03,74.452
2021-11-02,74.695
2021-11-01,74.837
2021-10-29,74.935
2021-10-28,74.788
2021-10-27,75.069
2021-10-26,74.942
2021-10-25,75.022
2021-10-22,74.999
2021-10-21,74.889
2021-10-20,74.81
2021-10-19,75.12
2021-10-18,75.21
2021-10-15,75.03
2021-10-14,74.995
2021-10-13,75.306
2021-10-12,75.488
2021-10-11,75.403
2021-10-08,75.131
2021-10-07,74.825
2021-10-06,74.778
2021-10-05,74.565
2021-10-04,74.588
2021-10-01,74.15
2021-09-30,74.17
2021-09-29,74.298
2021-09-28,74.2
2021-09-27,73.825
2021-09-24,73.821
2021-09-23,73.81
2021-09-22,73.825
2021-09-21,73.745
2021-09-20,73.653
2021-09-17,73.645
2021-09-16,73.575
2021-09-15,73.445
2021-09-14,73.647
2021-09-13,73.565
2021-09-10,73.524
2021-09-09,73.546
2021-09-08,73.796
2021-09-07,73.442
2021-09-06,73.078
2021-09-03,72.997
2021-09-02,73.006
2021-09-01,72.995
2021-08-31,72.951
2021-08-30,73.299
2021-08-27,73.475
2021-08-26,74.155
2021-08-25,74.12
2021-08-24,74.136
2021-08-23,74.135
2021-08-20,74.352
2021-08-19,74.38
2021-08-18,74.29
2021-08-17,74.375
2021-08-16,74.17
2021-08-13,74.242
2021-08-12,74.315
2021-08-11,74.263
2021-08-10,74.435
2021-08-09,74.488
2021-08-06,74.242
2021-08-05,74.1
2021-08-04,74.175
2021-08-03,74.251
2021-08-02,74.356
2021-07-30,74.344
2021-07-29,74.248
2021-07-28,74.5
2021-07-27,74.504
2021-07-26,74.34
2021-07-23,74.427
2021-07-22,74.455
2021-07-21,74.495
2021-07-20,74.535
2021-07-19,74.858
2021-07-16,74.61
2021-07-15,74.55
2021-07-14,74.47
2021-07-13,74.6
2021-07-12,74.545
2021-07-09,74.487
2021-07-08,74.74
2021-07-07,74.8
2021-07-06,74.591
2021-07-05,74.317
2021-07-02,74.518
2021-07-01,74.565
2021-06-30,74.365
2021-06-29,74.3
2021-06-28,74.275
2021-06-25,74.22
2021-06-24,74.19
2021-06-23,74.15
2021-06-22,74.34
2021-06-21,74.14
2021-06-18,74.12
2021-06-17,74.186
2021-06-16,73.275
2021-06-15,73.36
2021-06-14,73.185
2021-06-11,73.245
2021-06-10,73.08
2021-06-09,72.985
2021-06-08,72.955
2021-06-07,72.811
2021-06-04,72.87
2021-06-03,73.045
2021-06-02,72.96
2021-06-01,72.865
2021-05-31,72.518
2021-05-28,72.41
2021-05-27,72.71
2021-05-26,72.725
2021-05-25,72.795
2021-05-24,72.835
2021-05-21,72.827
2021-05-20,73.015
2021-05-19,73.22
2021-05-18,73.055
2021-05-17,73.335
2021-05-14,73.3
2021-05-13,73.48
2021-05-12,73.538
2021-05-11,73.375
2021-05-10,73.46
2021-05-07,73.254
2021-05-06,73.605
2021-05-05,73.81
2021-05-04,73.77
2021-05-03,73.82
2021-04-30,74.055
2021-04-29,74.1
2021-04-28,74.493
2021-04-27,74.59
2021-04-26,74.757
2021-04-23,74.93
2021-04-22,75.12
2021-04-21,75.439
2021-04-20,75.395
2021-04-19,74.86
2021-04-16,74.54
2021-04-15,74.73
2021-04-14,75.06
2021-04-13,75.27
2021-04-12,74.99
2021-04-09,74.734
2021-04-08,74.577
2021-04-07,74.368
2021-04-06,73.49
2021-04-05,73.319
2021-04-02,73.385
2021-04-01,73.332
2021-03-31,73.148
2021-03-30,73.445
2021-03-29,72.755
2021-03-26,72.615
2021-03-25,72.665
2021-03-24,72.595
2021-03-23,72.555
2021-03-22,72.38
2021-03-19,72.413
2021-03-18,72.7
2021-03-17,72.57
2021-03-16,72.515
2021-03-15,72.535
2021-03-12,72.69
2021-03-11,72.7
2021-03-10,72.73
2021-03-09,72.776
2021-03-08,73.36
2021-03-05,73.19
2021-03-04,72.739
2021-03-03,72.94
2021-03-02,73.26
2021-03-01,73.405
2021-02-26,73.937
2021-02-25,72.745
2021-02-24,72.39
2021-02-23,72.382
2021-02-22,72.45
2021-02-19,72.56
2021-02-18,72.585
2021-02-17,72.835
2021-02-16,72.87
2021-02-15,72.624
2021-02-12,72.595
2021-02-11,72.71
2021-02-10,72.795
2021-02-09,72.856
2021-02-08,72.935
2021-02-05,72.815
2021-02-04,72.955
2021-02-03,72.815
2021-02-02,72.917
2021-02-01,73.12
2021-01-29,72.906
2021-01-28,72.944
2021-01-27,73.07
2021-01-26,72.915
2021-01-25,72.97
2021-01-22,72.985
2021-01-21,72.97
2021-01-20,72.915
2021-01-19,73.192
2021-01-18,73.188
2021-01-15,73.13
2021-01-14,73.08
2021-01-13,73.17
2021-01-12,73.225
2021-01-11,73.474
2021-01-08,73.34
2021-01-07,73.43
2021-01-06,73.136
2021-01-05,73.13
2021-01-04,73.08
2021-01-01,73.125
2020-12-31,73.054
2020-12-30,73.144
2020-12-29,73.405
2020-12-28,73.548
2020-12-25,73.558
2020-12-24,73.555
2020-12-23,73.78
2020-12-22,73.854
2020-12-21,74.028
2020-12-18,73.575
2020-12-17,73.525
2020-12-16,73.64
2020-12-15,73.558
2020-12-14,73.64
2020-12-11,73.738
2020-12-10,73.745
2020-12-09,73.73
2020-12-08,73.725
2020-12-07,73.779
2020-12-04,73.776
2020-12-03,73.87
2020-12-02,73.77
2020-12-01,73.5
2020-11-30,74.0
2020-11-27,73.935
2020-11-26,73.837
2020-11-25,73.789
2020-11-24,74.079
2020-11-23,74.26
2020-11-20,74.12
2020-11-19,74.11
2020-11-18,74.12
2020-11-17,74.48
2020-11-16,74.38
2020-11-13,74.582
2020-11-12,74.685
2020-11-11,74.462
2020-11-10,74.29
2020-11-09,74.035
2020-11-06,73.976
2020-11-05,73.925
2020-11-04,74.368
2020-11-03,74.625
2020-11-02,74.51
2020-10-30,74.567
2020-10-29,74.38
2020-10-28,74.19
2020-10-27,73.624
2020-10-26,73.97
2020-10-23,73.842
2020-10-22,73.67
2020-10-21,73.6
2020-10-20,73.45
2020-10-19,73.36
2020-10-16,73.444
2020-10-15,73.435
2020-10-14,73.255
2020-10-13,73.41
2020-10-12,73.364
2020-10-09,73.02
2020-10-08,73.3
2020-10-07,73.335
2020-10-06,73.441
2020-10-05,73.117
2020-10-02,73.295
2020-10-01,73.218
2020-09-30,73.57
2020-09-29,73.76
2020-09-28,73.765
2020-09-25,73.685
2020-09-24,73.91
2020-09-23,73.58
2020-09-22,73.52
2020-09-21,73.58
2020-09-18,73.54
2020-09-17,73.61
2020-09-16,73.545
2020-09-15,73.61
2020-09-14,73.385
2020-09-11,73.44
2020-09-10,73.44
2020-09-09,73.31
2020-09-08,73.75
2020-09-07,73.447
2020-09-04,73.291
2020-09-03,73.391
2020-09-02,73.269
2020-09-01,73.004
2020-08-31,73.257
2020-08-28,73.115
2020-08-27,73.904
2020-08-26,74.222
2020-08-25,74.223
2020-08-24,74.169
2020-08-21,74.922
2020-08-20,75.013
2020-08-19,74.847
2020-08-18,74.575
2020-08-17,74.744
2020-08-14,74.903
2020-08-13,74.812
2020-08-12,74.795
2020-08-11,74.62
2020-08-10,74.875
2020-08-07,75.025
2020-08-06,74.9
2020-08-05,74.798
2020-08-04,75.061
2020-08-03,75.185
2020-07-31,74.918
2020-07-30,74.876
2020-07-29,74.948
2020-07-28,74.909
2020-07-27,74.8
2020-07-24,74.76
2020-07-23,74.815
2020-07-22,74.61
2020-07-21,74.54
2020-07-20,74.75
2020-07-17,74.898
2020-07-16,75.18
2020-07-15,75.125
2020-07-14,75.406
2020-07-13,75.212
2020-07-10,75.195
2020-07-09,75.155
2020-07-08,74.945
2020-07-07,74.81
2020-07-06,74.635
2020-07-03,74.636
2020-07-02,74.75
2020-07-01,75.49
2020-06-30,75.545
2020-06-29,75.51
2020-06-26,75.62
2020-06-25,75.587
2020-06-24,75.665
2020-06-23,75.503
2020-06-22,75.79
2020-06-19,76.26
2020-06-18,76.4
2020-06-17,76.29
2020-06-16,76.25
2020-06-15,75.979
2020-06-12,76.05
2020-06-11,75.971
2020-06-10,75.635
2020-06-09,75.505
2020-06-08,75.4
2020-06-05,75.56
2020-06-04,75.459
2020-06-03,75.325
2020-06-02,75.1
2020-06-01,75.505
2020-05-29,75.605
2020-05-28,75.66
2020-05-27,75.92
2020-05-26,75.459
2020-05-25,75.887
2020-05-22,75.95
2020-05-21,75.62
2020-05-20,75.555
2020-05-19,75.645
2020-05-18,75.7
2020-05-15,75.83
2020-05-14,75.495
2020-05-13,75.365
2020-05-12,75.062
2020-05-11,75.888
2020-05-08,75.535
2020-05-07,75.794
2020-05-06,76.105
2020-05-05,75.71
2020-05-04,75.64
2020-05-01,75.749
2020-04-30,75.08
2020-04-29,75.455
2020-04-28,76.065
2020-04-27,76.229
2020-04-24,76.27
2020-04-23,75.895
2020-04-22,76.41
2020-04-21,76.975
2020-04-20,76.575
2020-04-17,76.55
2020-04-16,76.805
2020-04-15,76.564
2020-04-14,76.015
2020-04-13,76.249
2020-04-10,75.879
2020-04-09,76.3
2020-04-08,75.945
2020-04-07,75.645
2020-04-06,75.975
2020-04-03,76.24
2020-04-02,76.4
2020-04-01,76.404
2020-03-31,75.343
2020-03-30,75.41
2020-03-27,75.472
2020-03-26,74.889
2020-03-25,76.375
2020-03-24,76.379
2020-03-23,76.335
2020-03-20,75.399
2020-03-19,74.786
2020-03-18,74.55
2020-03-17,74.062
2020-03-16,74.003
2020-03-13,73.84
2020-03-12,74.576
2020-03-11,73.682
2020-03-10,74.15
2020-03-09,74.196
2020-03-06,74.004
2020-03-05,73.506
2020-03-04,73.54
2020-03-03,73.05
2020-03-02,72.882
2020-02-28,72.539
2020-02-27,71.655
2020-02-26,71.58
2020-02-25,71.82
2020-02-24,71.935
2020-02-21,71.88
2020-02-20,71.68
2020-02-19,71.6
2020-02-18,71.585
2020-02-17,71.34
2020-02-14,71.529
2020-02-13,71.33
2020-02-12,71.306
2020-02-11,71.285
2020-02-10,71.29
2020-02-07,71.515
2020-02-06,71.225
2020-02-05,71.19
2020-02-04,71.115
2020-02-03,71.324
2020-01-31,71.555
2020-01-30,71.55
2020-01-29,71.31
2020-01-28,71.2
2020-01-27,71.45
2020-01-24,71.33
2020-01-23,71.4
2020-01-22,71.08
2020-01-21,71.17
2020-01-20,71.04
2020-01-17,71.079
2020-01-16,70.978
2020-01-15,70.72
2020-01-14,70.85
2020-01-13,70.71
2020-01-10,70.96
2020-01-09,71.21
2020-01-08,71.51
2020-01-07,71.845
2020-01-06,71.867
2020-01-03,71.77
2020-01-02,71.35
2020-01-01,71.227
2019-12-31,71.355
2019-12-30,71.32
2019-12-27,71.455
2019-12-26,71.3
2019-12-25,71.28
2019-12-24,71.28
2019-12-23,71.22
2019-12-20,71.06
2019-12-19,71.18
2019-12-18,71.0
2019-12-17,71.035
2019-12-16,70.915
2019-12-13,70.798
2019-12-12,70.57
2019-12-11,70.71
2019-12-10,70.81
2019-12-09,70.97
2019-12-06,71.283
2019-12-05,71.252
2019-12-04,71.474
2019-12-03,71.74
2019-12-02,71.634
2019-11-29,71.749
2019-11-28,71.505
2019-11-27,71.26
2019-11-26,71.48
2019-11-25,71.689
2019-11-22,71.792
2019-11-21,71.75
2019-11-20,71.746
2019-11-19,71.83
2019-11-18,71.945
2019-11-15,71.65
2019-11-14,71.966
2019-11-13,72.15
2019-11-12,71.79
2019-11-11,71.57
2019-11-08,71.36
2019-11-07,71.047
2019-11-06,71.01
2019-11-05,70.775
2019-11-04,70.789
2019-11-01,70.76
2019-10-31,70.98
2019-10-30,70.952
2019-10-29,70.89
2019-10-28,70.745
2019-10-25,70.82
2019-10-24,70.965
2019-10-23,70.725
2019-10-22,70.81
2019-10-21,70.925
2019-10-18,71.09
2019-10-17,71.13
2019-10-16,71.364
2019-10-15,71.5
2019-10-14,71.237
2019-10-11,70.924
2019-10-10,70.99
2019-10-09,71.12
2019-10-08,71.22
2019-10-07,70.975
2019-10-04,70.825
2019-10-03,71.03
2019-10-02,71.15
2019-10-01,71.11
2019-09-30,70.645
2019-09-27,70.509
2019-09-26,70.964
2019-09-25,70.988
2019-09-24,70.971
2019-09-23,70.799
2019-09-20,71.075
2019-09-19,71.375
2019-09-18,71.145
2019-09-17,71.49
2019-09-16,71.58
2019-09-13,70.985
2019-09-12,70.967
2019-09-11,71.577
2019-09-10,71.875
2019-09-09,71.778
2019-09-06,71.645
2019-09-05,71.928
2019-09-04,71.989
2019-09-03,72.17
2019-09-02,71.969
2019-08-30,71.453
2019-08-29,71.69
2019-08-28,71.829
2019-08-27,71.543
2019-08-26,72.025
2019-08-23,71.513
2019-08-22,71.93
2019-08-21,71.44
2019-08-20,71.549
2019-08-19,71.451
2019-08-16,71.155
2019-08-15,71.81
2019-08-14,71.275
2019-08-13,71.418
2019-08-12,71.283
2019-08-09,70.924
2019-08-08,70.42
2019-08-07,71.145
2019-08-06,71.04
2019-08-05,70.821
2019-08-02,69.7
2019-08-01,69.017
2019-07-31,68.875
2019-07-30,68.862
2019-07-29,68.755
2019-07-26,68.88
2019-07-25,69.041
2019-07-24,68.98
2019-07-23,69.033
2019-07-22,68.93
2019-07-19,68.86
2019-07-18,68.855
2019-07-17,68.846
2019-07-16,68.65
2019-07-15,68.545
2019-07-12,68.56
2019-07-11,68.41
2019-07-10,68.419
2019-07-09,68.565
2019-07-08,68.566
2019-07-05,68.45
2019-07-04,68.527
2019-07-03,68.8
2019-07-02,68.89
2019-07-01,68.885
2019-06-28,68.95
2019-06-27,69.088
2019-06-26,69.245
2019-06-25,69.334
2019-06-24,69.273
2019-06-21,69.615
2019-06-20,69.52
2019-06-19,69.65
2019-06-18,69.61
2019-06-17,69.85
2019-06-14,69.833
2019-06-13,69.53
2019-06-12,69.375
2019-06-11,69.385
2019-06-10,69.535
2019-06-07,69.355
2019-06-06,69.165
2019-06-05,69.385
2019-06-04,69.291
2019-06-03,69.171
2019-05-31,69.58
2019-05-30,69.825
2019-05-29,69.845
2019-05-28,69.61
2019-05-27,69.504
2019-05-24,69.38
2019-05-23,69.665
2019-05-22,69.65
2019-05-21,69.645
2019-05-20,69.609
2019-05-17,70.28
2019-05-16,70.13
2019-05-15,70.249
2019-05-14,70.332
2019-05-13,70.57
2019-05-10,70.015
2019-05-09,70.2
2019-05-08,69.72
2019-05-07,69.645
2019-05-06,69.38
2019-05-03,69.095
2019-05-02,69.41
2019-05-01,69.545
2019-04-30,69.647
2019-04-29,69.817
2019-04-26,69.85
2019-04-25,70.17
2019-04-24,69.96
2019-04-23,69.77
2019-04-22,69.7
2019-04-19,69.407
2019-04-18,69.395
2019-04-17,69.431
2019-04-16,69.53
2019-04-15,69.395
2019-04-12,69.19
2019-04-11,69.02
2019-04-10,69.15
2019-04-09,69.28
2019-04-08,69.555
2019-04-05,69.17
2019-04-04,68.98
2019-04-03,68.45
2019-04-02,68.92
2019-04-01,69.205
2019-03-29,69.185
2019-03-28,69.19
2019-03-27,69.1
2019-03-26,68.996
2019-03-25,68.89
2019-03-22,69.17
2019-03-21,68.81
2019-03-20,68.79
2019-03-19,69.015
2019-03-18,68.625
2019-03-15,68.963
2019-03-14,69.365
2019-03-13,69.529
2019-03-12,69.625
2019-03-11,69.85
2019-03-08,70.012
2019-03-07,70.116
2019-03-06,70.08
2019-03-05,70.49
2019-03-04,70.91
2019-03-01,71.0
2019-02-28,70.84
2019-02-27,71.2
2019-02-26,70.96
2019-02-25,70.834
2019-02-22,71.035
2019-02-21,71.165
2019-02-20,71.01
2019-02-19,71.3
2019-02-18,71.387
2019-02-15,71.33
2019-02-14,71.02
2019-02-13,70.875
2019-02-12,70.535
2019-02-11,71.14
2019-02-08,71.175
2019-02-07,71.3
2019-02-06,71.55
2019-02-05,71.53
2019-02-04,71.71
2019-02-01,71.435
2019-01-31,70.96
2019-01-30,71.235
2019-01-29,71.39
2019-01-28,71.07
2019-01-25,70.9
2019-01-24,71.0
2019-01-23,71.19
2019-01-22,71.26
2019-01-21,71.188
2019-01-18,71.21
2019-01-17,71.05
2019-01-16,70.98
2019-01-15,71.1
2019-01-14,70.76
2019-01-11,70.399
2019-01-10,70.42
2019-01-09,70.56
2019-01-08,70.14
2019-01-07,69.803
2019-01-04,69.55
2019-01-03,70.11
2019-01-02,70.0
2019-01-01,69.453
2018-12-31,69.57
2018-12-28,69.933
2018-12-27,70.361
2018-12-26,70.07
2018-12-25,70.05
2018-12-24,70.105
2018-12-21,70.14
2018-12-20,69.98
2018-12-19,70.279
2018-12-18,70.62
2018-12-17,71.61
2018-12-14,71.92
2018-12-13,71.53
2018-12-12,71.84
2018-12-11,72.291
2018-12-10,72.52
2018-12-07,70.86
2018-12-06,70.85
2018-12-05,70.56
2018-12-04,70.53
2018-12-03,70.44
2018-11-30,69.65
2018-11-29,69.78
2018-11-28,70.64
2018-11-27,70.785
2018-11-26,70.82
2018-11-23,70.655
2018-11-22,70.69
2018-11-21,71.305
2018-11-20,71.43
2018-11-19,71.61
2018-11-16,71.98
2018-11-15,71.915
2018-11-14,72.31
2018-11-13,72.615
2018-11-12,72.86
2018-11-09,72.48
2018-11-08,72.38
2018-11-07,72.45
2018-11-06,72.955
2018-11-05,73.08
2018-11-02,72.44
2018-11-01,73.455
2018-10-31,73.96
2018-10-30,73.68
2018-10-29,73.4
2018-10-26,73.46
2018-10-25,73.23
2018-10-24,73.23
2018-10-23,73.55
2018-10-22,73.56
2018-10-19,73.375
2018-10-18,73.53
2018-10-17,73.6
2018-10-16,73.465
2018-10-15,73.77
2018-10-12,73.61
2018-10-11,74.05
2018-10-10,74.25
2018-10-09,74.34
2018-10-08,74.065
2018-10-05,73.77
2018-10-04,73.63
2018-10-03,73.345
2018-10-02,72.925
2018-10-01,72.925
2018-09-28,72.51
2018-09-27,72.57
2018-09-26,72.6
2018-09-25,72.685
2018-09-24,72.67
2018-09-21,72.24
2018-09-20,72.015
2018-09-19,72.36
2018-09-18,72.71
2018-09-17,72.54
2018-09-14,71.88
2018-09-13,72.037
2018-09-12,72.16
2018-09-11,72.64
2018-09-10,72.455
2018-09-07,71.79
2018-09-06,71.95
2018-09-05,71.755
2018-09-04,71.585
2018-09-03,71.215
2018-08-31,71.005
2018-08-30,70.745
2018-08-29,70.535
2018-08-28,70.1
2018-08-27,70.165
2018-08-24,69.97
2018-08-23,70.105
2018-08-22,69.87
2018-08-21,69.86
2018-08-20,69.82
2018-08-17,70.1
2018-08-16,70.09
2018-08-15,69.92
2018-08-14,69.96
2018-08-13,70.02
2018-08-10,68.89
2018-08-09,68.76
2018-08-08,68.66
2018-08-07,68.63
2018-08-06,68.83
2018-08-03,68.545
2018-08-02,68.625
2018-08-01,68.35
2018-07-31,68.46
2018-07-30,68.605
2018-07-27,68.605
2018-07-26,68.66
2018-07-25,68.73
2018-07-24,68.947
2018-07-23,68.845
2018-07-20,68.74
2018-07-19,69.02
2018-07-18,68.625
2018-07-17,68.43
2018-07-16,68.55
2018-07-13,68.5
2018-07-12,68.52
2018-07-11,68.73
2018-07-10,68.755
2018-07-09,68.66
2018-07-06,68.805
2018-07-05,68.88
2018-07-04,68.69
2018-07-03,68.55
2018-07-02,68.72
2018-06-29,68.46
2018-06-28,68.84
2018-06-27,68.64
2018-06-26,68.37
2018-06-25,68.115
2018-06-22,67.87
2018-06-21,67.945
2018-06-20,68.06
2018-06-19,68.31
2018-06-18,68.04
2018-06-15,68.06
2018-06-14,67.69
2018-06-13,67.645
2018-06-12,67.48
2018-06-11,67.47
2018-06-08,67.53
2018-06-07,67.42
2018-06-06,66.84
2018-06-05,67.1
2018-06-04,67.07
2018-06-01,66.995
2018-05-31,67.43
2018-05-30,67.44
2018-05-29,67.84
2018-05-28,67.4
2018-05-25,67.73
2018-05-24,68.34
2018-05-23,68.37
2018-05-22,68.02
2018-05-21,68.115
2018-05-18,67.99
2018-05-17,67.765
2018-05-16,67.775
2018-05-15,68.08
2018-05-14,67.56
2018-05-11,67.36
2018-05-10,67.245
2018-05-09,67.35
2018-05-08,67.13
2018-05-07,67.14
2018-05-04,66.82
2018-05-03,66.67
2018-05-02,66.69
2018-05-01,66.8
2018-04-30,66.46
2018-04-27,66.62
2018-04-26,66.805
2018-04-25,66.92
2018-04-24,66.41
2018-04-23,66.53
2018-04-20,66.21
2018-04-19,65.87
2018-04-18,65.72
2018-04-17,65.68
2018-04-16,65.47
2018-04-13,65.255
2018-04-12,65.29
2018-04-11,65.26
2018-04-10,64.95
2018-04-09,64.955
2018-04-06,64.93
2018-04-05,64.89
2018-04-04,65.045
2018-04-03,65.0
2018-04-02,65.13
2018-03-30,65.115
2018-03-29,65.115
2018-03-28,65.16
2018-03-27,64.945
2018-03-26,64.825
2018-03-23,64.99
2018-03-22,65.105
2018-03-21,65.18
2018-03-20,65.21
2018-03-19,65.22
2018-03-16,64.99
2018-03-15,64.99
2018-03-14,64.84
2018-03-13,64.855
2018-03-12,64.985
2018-03-09,65.125
2018-03-08,65.105
2018-03-07,64.88
2018-03-06,64.905
2018-03-05,65.025
2018-03-02,65.22
2018-03-01,65.23
2018-02-28,65.21
2018-02-27,64.92
2018-02-26,64.77
2018-02-23,64.71
2018-02-22,64.975
2018-02-21,64.805
2018-02-20,64.86
2018-02-19,64.25
2018-02-16,64.215
2018-02-15,63.9
2018-02-14,64.1
2018-02-13,64.265
2018-02-12,64.28
2018-02-09,64.375
2018-02-08,64.3
2018-02-07,64.28
2018-02-06,64.23
2018-02-05,64.14
2018-02-02,64.13
2018-02-01,63.98
2018-01-31,63.55
2018-01-30,63.69
2018-01-29,63.6
2018-01-26,63.59
2018-01-25,63.515
2018-01-24,63.66
2018-01-23,63.76
2018-01-22,63.89
2018-01-19,63.83
2018-01-18,63.87
2018-01-17,63.885
2018-01-16,64.02
2018-01-15,63.515
2018-01-12,63.61
2018-01-11,63.69
2018-01-10,63.63
2018-01-09,63.67
2018-01-08,63.475
2018-01-05,63.34
2018-01-04,63.4
2018-01-03,63.505
2018-01-02,63.46
2018-01-01,63.68
