Date,IndianBondYieldRate
2025-03-07,6.68
2025-03-06,6.68
2025-03-06,6.68
2025-03-05,6.71
2025-03-05,6.71
2025-03-04,6.74
2025-03-04,6.74
2025-03-03,6.73
2025-03-03,6.73
2025-02-28,6.72
2025-02-28,6.72
2025-02-27,6.71
2025-02-27,6.71
2025-02-25,6.706
2025-02-25,6.706
2025-02-24,6.7
2025-02-24,6.7
2025-02-21,6.708
2025-02-21,6.708
2025-02-20,6.703
2025-02-20,6.703
2025-02-18,6.682
2025-02-18,6.682
2025-02-17,6.692
2025-02-14,6.705
2025-02-13,6.712
2025-02-12,6.697
2025-02-11,6.697
2025-02-10,6.713
2025-02-07,6.699
2025-02-06,6.657
2025-02-05,6.664
2025-02-04,6.672
2025-02-03,6.67
2025-01-31,6.694
2025-01-30,6.678
2025-01-29,6.683
2025-01-28,6.681
2025-01-27,6.675
2025-01-24,6.72
2025-01-23,6.736
2025-01-22,6.719
2025-01-21,6.734
2025-01-20,6.763
2025-01-17,6.774
2025-01-16,6.754
2025-01-15,6.813
2025-01-14,6.829
2025-01-13,6.843
2025-01-10,6.769
2025-01-09,6.764
2025-01-08,6.767
2025-01-07,6.746
2025-01-06,6.763
2025-01-03,6.779
2025-01-02,6.787
2025-01-01,6.779
2024-12-31,6.759
2024-12-30,6.775
2024-12-27,6.787
2024-12-26,6.784
2024-12-24,6.776
2024-12-23,6.776
2024-12-20,6.791
2024-12-19,6.787
2024-12-18,6.751
2024-12-17,6.759
2024-12-16,6.741
2024-12-13,6.729
2024-12-12,6.736
2024-12-11,6.718
2024-12-10,6.705
2024-12-09,6.717
2024-12-06,6.74
2024-12-05,6.68
2024-12-04,6.686
2024-12-03,6.714
2024-12-02,6.71
2024-11-29,6.751
2024-11-28,6.805
2024-11-27,6.812
2024-11-26,6.827
2024-11-25,6.822
2024-11-22,6.85
2024-11-21,6.831
2024-11-19,6.811
2024-11-18,6.821
2024-11-14,6.827
2024-11-13,6.804
2024-11-12,6.795
2024-11-11,6.785
2024-11-08,6.774
2024-11-07,6.796
2024-11-06,6.798
2024-11-05,6.799
2024-11-04,6.797
2024-10-31,6.841
2024-10-30,6.827
2024-10-29,6.847
2024-10-28,6.861
2024-10-25,6.845
2024-10-24,6.822
2024-10-23,6.818
2024-10-22,6.832
2024-10-21,6.837
2024-10-18,6.809
2024-10-17,6.784
2024-10-16,6.773
2024-10-15,6.769
2024-10-14,6.782
2024-10-11,6.788
2024-10-10,6.776
2024-10-09,6.766
2024-10-08,6.806
2024-10-07,6.846
2024-10-04,6.829
2024-10-03,6.777
2024-10-01,6.732
2024-09-30,6.75
2024-09-27,6.759
2024-09-26,6.718
2024-09-25,6.738
2024-09-24,6.761
2024-09-23,6.767
2024-09-20,6.761
2024-09-19,6.758
2024-09-17,6.779
2024-09-16,6.762
2024-09-13,6.792
2024-09-12,6.811
2024-09-11,6.83
2024-09-10,6.851
2024-09-09,6.854
2024-09-06,6.854
2024-09-05,6.855
2024-09-04,6.859
2024-09-03,6.87
2024-09-02,6.876
2024-08-30,6.863
2024-08-29,6.864
2024-08-28,6.861
2024-08-27,6.861
2024-08-26,6.851
2024-08-23,6.859
2024-08-22,6.852
2024-08-21,6.853
2024-08-20,6.856
2024-08-19,6.864
2024-08-16,6.867
2024-08-14,6.858
2024-08-13,6.88
2024-08-12,6.879
2024-08-09,6.88
2024-08-08,6.877
2024-08-07,6.862
2024-08-06,6.872
2024-08-05,6.86
2024-08-02,6.9
2024-08-01,6.916
2024-07-31,6.924
2024-07-30,6.931
2024-07-29,6.919
2024-07-26,6.94
2024-07-25,6.952
2024-07-24,6.964
2024-07-23,6.97
2024-07-22,6.967
2024-07-19,6.965
2024-07-18,6.966
2024-07-16,6.966
2024-07-15,6.981
2024-07-12,6.986
2024-07-11,6.982
2024-07-10,6.976
2024-07-09,6.989
2024-07-08,6.989
2024-07-05,6.993
2024-07-04,6.998
2024-07-03,7.001
2024-07-02,7.009
2024-07-01,7.013
2024-06-28,7.008
2024-06-27,7.0
2024-06-26,6.997
2024-06-25,6.983
2024-06-24,6.971
2024-06-21,6.973
2024-06-20,6.976
2024-06-19,6.974
2024-06-18,6.981
2024-06-14,6.984
2024-06-13,6.986
2024-06-12,7.012
2024-06-11,7.014
2024-06-10,7.032
2024-06-07,7.018
2024-06-06,7.015
2024-06-05,7.026
2024-06-04,7.033
2024-06-03,6.947
2024-05-31,6.986
2024-05-30,7.003
2024-05-29,7.008
2024-05-28,6.995
2024-05-27,6.981
2024-05-24,6.998
2024-05-22,6.997
2024-05-21,7.078
2024-05-17,7.095
2024-05-16,7.076
2024-05-15,7.086
2024-05-14,7.109
2024-05-13,7.116
2024-05-10,7.127
2024-05-09,7.135
2024-05-08,7.138
2024-05-07,7.129
2024-05-06,7.108
2024-05-03,7.149
2024-05-02,7.162
2024-04-30,7.195
2024-04-29,7.196
2024-04-26,7.199
2024-04-25,7.204
2024-04-24,7.186
2024-04-23,7.167
2024-04-22,7.192
2024-04-19,7.225
2024-04-18,7.18
2024-04-16,7.193
2024-04-15,7.175
2024-04-12,7.179
2024-04-10,7.116
2024-04-08,7.154
2024-04-05,7.117
2024-04-04,7.094
2024-04-03,7.104
2024-04-02,7.108
2024-03-28,7.052
2024-03-27,7.072
2024-03-26,7.089
2024-03-22,7.087
2024-03-21,7.05
2024-03-20,7.097
2024-03-19,7.095
2024-03-18,7.087
2024-03-15,7.062
2024-03-14,7.041
2024-03-13,7.039
2024-03-12,7.026
2024-03-11,7.014
2024-03-07,7.031
2024-03-06,7.054
2024-03-05,7.057
2024-03-04,7.06
2024-03-01,7.06
2024-02-29,7.078
2024-02-28,7.065
2024-02-27,7.068
2024-02-26,7.063
2024-02-23,7.077
2024-02-22,7.062
2024-02-21,7.045
2024-02-20,7.062
2024-02-16,7.099
2024-02-15,7.085
2024-02-14,7.114
2024-02-13,7.097
2024-02-12,7.097
2024-02-09,7.114
2024-02-08,7.082
2024-02-07,7.074
2024-02-06,7.092
2024-02-05,7.091
2024-02-02,7.05
2024-02-01,7.064
2024-01-31,7.144
2024-01-30,7.155
2024-01-29,7.171
2024-01-25,7.171
2024-01-24,7.181
2024-01-23,7.174
2024-01-19,7.184
2024-01-18,7.178
2024-01-17,7.163
2024-01-16,7.146
2024-01-15,7.148
2024-01-12,7.178
2024-01-11,7.165
2024-01-10,7.178
2024-01-09,7.189
2024-01-08,7.203
2024-01-05,7.235
2024-01-04,7.22
2024-01-03,7.216
2024-01-02,7.206
2024-01-01,7.196
2023-12-29,7.176
2023-12-28,7.207
2023-12-27,7.205
2023-12-26,7.183
2023-12-22,7.188
2023-12-21,7.184
2023-12-20,7.171
2023-12-19,7.171
2023-12-18,7.153
2023-12-15,7.163
2023-12-14,7.194
2023-12-13,7.259
2023-12-12,7.275
2023-12-11,7.281
2023-12-08,7.266
2023-12-07,7.236
2023-12-06,7.248
2023-12-05,7.262
2023-12-04,7.271
2023-12-01,7.29
2023-11-30,7.279
2023-11-29,7.252
2023-11-28,7.273
2023-11-24,7.272
2023-11-23,7.253
2023-11-22,7.247
2023-11-21,7.269
2023-11-20,7.252
2023-11-17,7.212
2023-11-16,7.232
2023-11-15,7.225
2023-11-13,7.283
2023-11-10,7.3
2023-11-09,7.269
2023-11-08,7.266
2023-11-07,7.28
2023-11-06,7.305
2023-11-03,7.317
2023-11-02,7.322
2023-11-01,7.358
2023-10-31,7.351
2023-10-30,7.369
2023-10-27,7.351
2023-10-26,7.366
2023-10-25,7.343
2023-10-23,7.382
2023-10-20,7.365
2023-10-19,7.369
2023-10-18,7.353
2023-10-17,7.328
2023-10-16,7.333
2023-10-13,7.32
2023-10-12,7.302
2023-10-11,7.307
2023-10-10,7.351
2023-10-09,7.386
2023-10-06,7.339
2023-10-05,7.214
2023-10-04,7.238
2023-10-03,7.235
2023-09-29,7.21
2023-09-28,7.238
2023-09-27,7.173
2023-09-26,7.146
2023-09-25,7.15
2023-09-22,7.15
2023-09-21,7.136
2023-09-20,7.153
2023-09-18,7.149
2023-09-15,7.158
2023-09-14,7.101
2023-09-13,7.172
2023-09-12,7.203
2023-09-11,7.209
2023-09-08,7.199
2023-09-07,7.173
2023-09-06,7.21
2023-09-05,7.206
2023-09-04,7.204
2023-09-01,7.175
2023-08-31,7.166
2023-08-30,7.185
2023-08-29,7.18
2023-08-28,7.178
2023-08-25,7.206
2023-08-24,7.193
2023-08-23,7.194
2023-08-22,7.218
2023-08-21,7.22
2023-08-18,7.214
2023-08-17,7.25
2023-08-14,7.209
2023-08-11,7.198
2023-08-10,7.154
2023-08-09,7.178
2023-08-08,7.168
2023-08-07,7.197
2023-08-04,7.193
2023-08-03,7.194
2023-08-02,7.154
2023-08-01,7.156
2023-07-31,7.172
2023-07-28,7.161
2023-07-27,7.12
2023-07-26,7.096
2023-07-25,7.1
2023-07-24,7.071
2023-07-21,7.087
2023-07-20,7.083
2023-07-19,7.072
2023-07-18,7.058
2023-07-17,7.074
2023-07-14,7.089
2023-07-13,7.071
2023-07-12,7.118
2023-07-11,7.095
2023-07-10,7.149
2023-07-07,7.159
2023-07-06,7.147
2023-07-05,7.105
2023-07-04,7.119
2023-07-03,7.117
2023-06-30,7.11
2023-06-28,7.056
2023-06-27,7.063
2023-06-26,7.066
2023-06-23,7.074
2023-06-22,7.086
2023-06-21,7.067
2023-06-20,7.059
2023-06-19,7.053
2023-06-16,7.034
2023-06-15,7.036
2023-06-14,7.011
2023-06-13,7.002
2023-06-12,7.016
2023-06-09,7.039
2023-06-08,7.021
2023-06-07,6.982
2023-06-06,6.977
2023-06-05,6.997
2023-06-02,6.984
2023-06-01,6.979
2023-05-31,6.989
2023-05-30,7.011
2023-05-29,7.024
2023-05-26,7.003
2023-05-25,7.007
2023-05-24,6.99
2023-05-23,7.016
2023-05-22,6.985
2023-05-19,7.004
2023-05-18,6.983
2023-05-17,6.972
2023-05-16,6.963
2023-05-15,7.001
2023-05-12,6.995
2023-05-11,7.023
2023-05-10,7.036
2023-05-09,7.046
2023-05-08,7.047
2023-05-04,7.014
2023-05-03,7.011
2023-05-02,7.106
2023-04-28,7.116
2023-04-27,7.097
2023-04-26,7.116
2023-04-25,7.11
2023-04-24,7.111
2023-04-21,7.185
2023-04-20,7.22
2023-04-19,7.227
2023-04-18,7.221
2023-04-17,7.247
2023-04-13,7.229
2023-04-12,7.213
2023-04-11,7.224
2023-04-10,7.227
2023-04-06,7.219
2023-04-05,7.273
2023-04-03,7.315
2023-03-31,7.315
2023-03-29,7.296
2023-03-28,7.321
2023-03-27,7.312
2023-03-24,7.318
2023-03-23,7.345
2023-03-21,7.354
2023-03-20,7.334
2023-03-17,7.354
2023-03-16,7.352
2023-03-15,7.363
2023-03-14,7.378
2023-03-13,7.365
2023-03-10,7.429
2023-03-09,7.441
2023-03-08,7.459
2023-03-06,7.418
2023-03-03,7.416
2023-03-02,7.43
2023-03-01,7.434
2023-02-28,7.457
2023-02-27,7.448
2023-02-24,7.419
2023-02-23,7.391
2023-02-22,7.429
2023-02-21,7.391
2023-02-20,7.37
2023-02-17,7.388
2023-02-16,7.342
2023-02-15,7.347
2023-02-14,7.371
2023-02-13,7.366
2023-02-10,7.363
2023-02-09,7.344
2023-02-08,7.344
2023-02-07,7.309
2023-02-06,7.32
2023-02-04,7.277
2023-02-03,7.277
2023-02-02,7.296
2023-02-01,7.277
2023-01-31,7.343
2023-01-30,7.401
2023-01-27,7.387
2023-01-25,7.347
2023-01-24,7.346
2023-01-23,7.352
2023-01-20,7.347
2023-01-19,7.313
2023-01-18,7.325
2023-01-17,7.333
2023-01-16,7.327
2023-01-13,7.299
2023-01-12,7.286
2023-01-11,7.291
2023-01-10,7.313
2023-01-09,7.342
2023-01-06,7.373
2023-01-05,7.327
2023-01-04,7.321
2023-01-03,7.321
2023-01-02,7.34
2022-12-30,7.327
2022-12-29,7.311
2022-12-28,7.314
2022-12-27,7.308
2022-12-26,7.319
2022-12-23,7.318
2022-12-22,7.316
2022-12-21,7.287
2022-12-20,7.299
2022-12-19,7.297
2022-12-16,7.281
2022-12-15,7.268
2022-12-14,7.221
2022-12-13,7.265
2022-12-12,7.294
2022-12-09,7.299
2022-12-08,7.288
2022-12-07,7.269
2022-12-06,7.249
2022-12-05,7.226
2022-12-02,7.221
2022-12-01,7.21
2022-11-30,7.28
2022-11-29,7.279
2022-11-28,7.274
2022-11-25,7.301
2022-11-24,7.255
2022-11-23,7.291
2022-11-22,7.285
2022-11-21,7.32
2022-11-18,7.307
2022-11-17,7.281
2022-11-16,7.274
2022-11-15,7.261
2022-11-14,7.287
2022-11-11,7.307
2022-11-10,7.346
2022-11-09,7.387
2022-11-07,7.434
2022-11-04,7.469
2022-11-03,7.482
2022-11-02,7.404
2022-11-01,7.396
2022-10-31,7.445
2022-10-28,7.416
2022-10-27,7.412
2022-10-25,7.442
2022-10-21,7.511
2022-10-20,7.476
2022-10-19,7.451
2022-10-18,7.426
2022-10-17,7.407
2022-10-14,7.47
2022-10-13,7.422
2022-10-12,7.435
2022-10-11,7.426
2022-10-10,7.476
2022-10-07,7.46
2022-10-06,7.454
2022-10-04,7.362
2022-10-03,7.468
2022-09-30,7.398
2022-09-29,7.34
2022-09-28,7.333
2022-09-27,7.292
2022-09-26,7.359
2022-09-23,7.393
2022-09-22,7.312
2022-09-21,7.233
2022-09-20,7.294
2022-09-19,7.277
2022-09-16,7.266
2022-09-15,7.238
2022-09-14,7.155
2022-09-13,7.108
2022-09-12,7.181
2022-09-09,7.167
2022-09-08,7.135
2022-09-07,7.185
2022-09-06,7.179
2022-09-05,7.218
2022-09-02,7.232
2022-09-01,7.215
2022-08-30,7.188
2022-08-29,7.253
2022-08-26,7.217
2022-08-25,7.292
2022-08-24,7.286
2022-08-23,7.281
2022-08-22,7.27
2022-08-19,7.264
2022-08-18,7.242
2022-08-17,7.182
2022-08-12,7.289
2022-08-11,7.267
2022-08-10,7.31
2022-08-08,7.348
2022-08-05,7.3
2022-08-04,7.157
2022-08-03,7.242
2022-08-02,7.196
2022-08-01,7.24
2022-07-29,7.32
2022-07-28,7.332
2022-07-27,7.338
2022-07-26,7.367
2022-07-25,7.391
2022-07-22,7.414
2022-07-21,7.44
2022-07-20,7.449
2022-07-19,7.434
2022-07-18,7.437
2022-07-15,7.438
2022-07-14,7.384
2022-07-13,7.337
2022-07-12,7.391
2022-07-11,7.427
2022-07-08,7.415
2022-07-07,7.354
2022-07-06,7.294
2022-07-05,7.391
2022-07-04,7.374
2022-07-01,7.424
2022-06-30,7.45
2022-06-29,7.459
2022-06-28,7.466
2022-06-27,7.407
2022-06-24,7.444
2022-06-23,7.419
2022-06-22,7.396
2022-06-21,7.482
2022-06-20,7.427
2022-06-17,7.546
2022-06-16,7.617
2022-06-15,7.592
2022-06-14,7.581
2022-06-13,7.604
2022-06-10,7.519
2022-06-09,7.496
2022-06-08,7.494
2022-06-07,7.518
2022-06-06,7.5
2022-06-03,7.456
2022-06-02,7.434
2022-06-01,7.414
2022-05-31,7.415
2022-05-30,7.409
2022-05-27,7.35
2022-05-26,7.294
2022-05-25,7.305
2022-05-24,7.359
2022-05-23,7.386
2022-05-20,7.359
2022-05-19,7.32
2022-05-18,7.355
2022-05-17,7.366
2022-05-13,7.318
2022-05-12,7.244
2022-05-11,7.215
2022-05-10,7.301
2022-05-09,7.465
2022-05-06,7.451
2022-05-05,7.403
2022-05-04,7.378
2022-05-02,7.119
2022-04-29,7.139
2022-04-28,7.155
2022-04-27,7.083
2022-04-26,7.053
2022-04-25,7.043
2022-04-22,7.167
2022-04-21,7.144
2022-04-20,7.105
2022-04-19,7.151
2022-04-18,7.153
2022-04-13,7.215
2022-04-12,7.189
2022-04-11,7.149
2022-04-08,7.119
2022-04-07,6.914
2022-04-06,6.917
2022-04-05,6.899
2022-04-04,6.898
2022-03-31,6.843
2022-03-30,6.784
2022-03-29,6.821
2022-03-28,6.836
2022-03-25,6.811
2022-03-24,6.834
2022-03-23,6.831
2022-03-22,6.831
2022-03-21,6.781
2022-03-17,6.778
2022-03-16,6.788
2022-03-15,6.821
2022-03-14,6.854
2022-03-11,6.855
2022-03-10,6.809
2022-03-09,6.845
2022-03-08,6.895
2022-03-07,6.888
2022-03-04,6.813
2022-03-03,6.826
2022-03-02,6.814
2022-02-28,6.77
2022-02-25,6.749
2022-02-24,6.759
2022-02-23,6.739
2022-02-22,6.749
2022-02-21,6.693
2022-02-18,6.663
2022-02-17,6.674
2022-02-16,6.686
2022-02-15,6.673
2022-02-14,6.667
2022-02-11,6.698
2022-02-10,6.725
2022-02-09,6.798
2022-02-08,6.81
2022-02-04,6.879
2022-02-03,6.889
2022-02-02,6.88
2022-02-01,6.828
2022-01-31,6.684
2022-01-28,6.768
2022-01-27,6.746
2022-01-25,6.662
2022-01-24,6.652
2022-01-21,6.62
2022-01-20,6.608
2022-01-19,6.598
2022-01-18,6.627
2022-01-17,6.636
2022-01-14,6.582
2022-01-13,6.561
2022-01-12,6.593
2022-01-11,6.57
2022-01-10,6.59
2022-01-07,6.542
2022-01-06,6.525
2022-01-05,6.508
2022-01-04,6.518
2022-01-03,6.46
2021-12-31,6.454
2021-12-30,6.469
2021-12-29,6.461
2021-12-28,6.478
2021-12-27,6.465
2021-12-24,6.462
2021-12-23,6.46
2021-12-22,6.464
2021-12-21,6.468
2021-12-20,6.435
2021-12-17,6.411
2021-12-16,6.374
2021-12-15,6.364
2021-12-14,6.356
2021-12-13,6.37
2021-12-10,6.37
2021-12-09,6.348
2021-12-08,6.347
2021-12-07,6.391
2021-12-06,6.359
2021-12-03,6.369
2021-12-02,6.352
2021-12-01,6.353
2021-11-30,6.326
2021-11-29,6.335
2021-11-26,6.33
2021-11-25,6.367
2021-11-24,6.367
2021-11-23,6.364
2021-11-22,6.351
2021-11-18,6.345
2021-11-17,6.361
2021-11-16,6.364
2021-11-15,6.342
2021-11-12,6.368
2021-11-11,6.367
2021-11-10,6.336
2021-11-09,6.293
2021-11-08,6.301
2021-11-03,6.357
2021-11-02,6.36
2021-11-01,6.387
2021-10-29,6.388
2021-10-28,6.367
2021-10-27,6.336
2021-10-26,6.362
2021-10-25,6.35
2021-10-22,6.364
2021-10-21,6.338
2021-10-20,6.373
2021-10-18,6.387
2021-10-14,6.328
2021-10-13,6.314
2021-10-12,6.326
2021-10-11,6.34
2021-10-08,6.318
2021-10-07,6.267
2021-10-06,6.276
2021-10-05,6.26
2021-10-04,6.248
2021-10-01,6.244
2021-09-30,6.223
2021-09-29,6.206
2021-09-28,6.228
2021-09-27,6.209
2021-09-24,6.181
2021-09-23,6.14
2021-09-22,6.138
2021-09-21,6.122
2021-09-20,6.138
2021-09-17,6.167
2021-09-16,6.169
2021-09-15,6.163
2021-09-14,6.198
2021-09-13,6.192
2021-09-09,6.178
2021-09-08,6.188
2021-09-07,6.195
2021-09-06,6.173
2021-09-03,6.156
2021-09-02,6.171
2021-09-01,6.199
2021-08-31,6.215
2021-08-30,6.225
2021-08-27,6.254
2021-08-26,6.251
2021-08-25,6.241
2021-08-24,6.25
2021-08-23,6.243
2021-08-20,6.234
2021-08-18,6.228
2021-08-17,6.234
2021-08-13,6.241
2021-08-12,6.226
2021-08-11,6.236
2021-08-10,6.233
2021-08-09,6.221
2021-08-06,6.234
2021-08-05,6.207
2021-08-04,6.199
2021-08-03,6.2
2021-08-02,6.197
2021-07-30,6.204
2021-07-29,6.198
2021-07-28,6.188
2021-07-27,6.178
2021-07-26,6.169
2021-07-23,6.165
2021-07-22,6.138
2021-07-20,6.119
2021-07-19,6.127
2021-07-16,6.13
2021-07-15,6.117
2021-07-14,6.109
2021-07-13,6.103
2021-07-12,6.22
2021-07-09,6.186
2021-07-08,6.124
2021-07-07,6.164
2021-07-06,6.175
2021-07-05,6.088
2021-07-02,6.065
2021-07-01,6.039
2021-06-30,6.051
2021-06-29,6.036
2021-06-28,6.056
2021-06-25,6.028
2021-06-24,6.012
2021-06-23,6.018
2021-06-22,6.025
2021-06-21,6.029
2021-06-18,6.006
2021-06-17,6.019
2021-06-16,6.045
2021-06-15,6.04
2021-06-14,6.004
2021-06-11,6.006
2021-06-10,6.019
2021-06-09,6.016
2021-06-08,6.006
2021-06-07,6.022
2021-06-04,6.028
2021-06-03,5.997
2021-06-02,6.005
2021-06-01,6.025
2021-05-31,6.022
2021-05-28,6.003
2021-05-27,5.987
2021-05-25,5.972
2021-05-24,5.972
2021-05-21,5.977
2021-05-20,5.968
2021-05-19,5.975
2021-05-18,5.976
2021-05-17,5.972
2021-05-14,5.986
2021-05-12,6.01
2021-05-11,6.008
2021-05-10,6.014
2021-05-07,6.015
2021-05-06,5.974
2021-05-05,5.978
2021-05-04,6.015
2021-05-03,6.001
2021-04-30,6.03
2021-04-29,6.059
2021-04-28,6.053
2021-04-27,6.055
2021-04-26,6.038
2021-04-23,6.035
2021-04-22,6.05
2021-04-20,6.074
2021-04-19,6.081
2021-04-16,6.088
2021-04-15,6.126
2021-04-12,6.011
2021-04-09,6.017
2021-04-08,6.031
2021-04-07,6.082
2021-04-06,6.122
2021-04-05,6.123
2021-03-31,6.177
2021-03-30,6.143
2021-03-26,6.123
2021-03-25,6.131
2021-03-24,6.152
2021-03-23,6.144
2021-03-22,6.18
2021-03-19,6.193
2021-03-18,6.202
2021-03-17,6.185
2021-03-16,6.18
2021-03-15,6.201
2021-03-12,6.232
2021-03-10,6.247
2021-03-09,6.206
2021-03-08,6.223
2021-03-05,6.232
2021-03-04,6.212
2021-03-03,6.238
2021-03-02,6.236
2021-03-01,6.209
2021-02-26,6.229
2021-02-25,6.182
2021-02-24,6.147
2021-02-23,6.172
2021-02-22,6.202
2021-02-18,6.132
2021-02-17,6.03
2021-02-16,6.022
2021-02-15,6.022
2021-02-12,5.99
2021-02-11,5.962
2021-02-10,6.01
2021-02-09,6.074
2021-02-08,6.04
2021-02-05,6.071
2021-02-04,6.074
2021-02-03,6.084
2021-02-02,6.127
2021-02-01,6.06
2021-01-29,5.949
2021-01-28,5.933
2021-01-27,5.954
2021-01-25,5.954
2021-01-22,5.939
2021-01-21,5.956
2021-01-20,5.942
2021-01-19,5.936
2021-01-18,5.957
2021-01-15,5.988
2021-01-14,5.924
2021-01-13,5.947
2021-01-12,5.931
2021-01-11,5.924
2021-01-08,5.892
2021-01-07,5.892
2021-01-06,5.894
2021-01-05,5.85
2021-01-04,5.858
2021-01-01,5.898
2020-12-31,5.894
2020-12-30,5.899
2020-12-29,5.927
2020-12-28,5.925
2020-12-24,5.929
2020-12-23,5.95
2020-12-22,5.951
2020-12-21,5.957
2020-12-18,5.959
2020-12-17,5.952
2020-12-16,5.944
2020-12-15,5.941
2020-12-14,5.946
2020-12-11,5.956
2020-12-10,5.916
2020-12-09,5.917
2020-12-08,5.939
2020-12-07,5.924
2020-12-04,5.897
2020-12-03,5.932
2020-12-02,5.92
2020-12-01,5.93
2020-11-27,5.911
2020-11-26,5.872
2020-11-25,5.885
2020-11-24,5.88
2020-11-23,5.9
2020-11-20,5.877
2020-11-19,5.876
2020-11-18,5.878
2020-11-17,5.877
2020-11-13,5.878
2020-11-12,5.903
2020-11-11,5.903
2020-11-10,5.916
2020-11-09,5.876
2020-11-06,5.871
2020-11-05,5.86
2020-11-04,5.886
2020-11-03,5.898
2020-11-02,5.89
2020-10-29,5.881
2020-10-28,5.859
2020-10-27,5.846
2020-10-26,5.834
2020-10-23,5.844
2020-10-22,5.915
2020-10-21,5.912
2020-10-20,5.931
2020-10-19,5.94
2020-10-16,5.935
2020-10-15,5.898
2020-10-14,5.9
2020-10-13,5.904
2020-10-12,5.899
2020-10-09,5.937
2020-10-08,6.015
2020-10-07,6.014
2020-10-06,6.026
2020-10-05,6.004
2020-10-01,5.996
2020-09-30,6.015
2020-09-29,6.037
2020-09-28,6.056
2020-09-25,6.038
2020-09-24,5.992
2020-09-23,5.99
2020-09-22,6.01
2020-09-21,6.016
2020-09-18,6.014
2020-09-17,6.033
2020-09-16,5.992
2020-09-15,6.029
2020-09-14,6.031
2020-09-11,6.041
2020-09-10,6.053
2020-09-09,5.989
2020-09-08,6.056
2020-09-07,5.993
2020-09-04,5.93
2020-09-03,5.896
2020-09-02,5.92
2020-09-01,5.943
2020-08-31,6.078
2020-08-28,6.097
2020-08-27,6.147
2020-08-26,6.203
2020-08-25,6.157
2020-08-24,6.221
2020-08-21,6.14
2020-08-20,6.0
2020-08-19,6.008
2020-08-18,5.986
2020-08-17,5.975
2020-08-14,5.965
2020-08-13,5.895
2020-08-12,5.884
2020-08-11,5.903
2020-08-10,5.893
2020-08-07,5.886
2020-08-06,5.862
2020-08-05,5.826
2020-08-04,5.833
2020-08-03,5.837
2020-07-31,5.837
2020-07-30,5.825
2020-07-29,5.835
2020-07-28,5.85
2020-07-27,5.859
2020-07-24,5.817
2020-07-23,5.805
2020-07-22,5.814
2020-07-21,5.829
2020-07-20,5.799
2020-07-17,5.805
2020-07-16,5.813
2020-07-15,5.815
2020-07-14,5.825
2020-07-13,5.786
2020-07-10,5.76
2020-07-09,5.772
2020-07-08,5.778
2020-07-07,5.792
2020-07-06,5.836
2020-07-03,5.845
2020-07-02,5.841
2020-07-01,5.838
2020-06-30,5.888
2020-06-29,5.903
2020-06-26,5.913
2020-06-25,5.891
2020-06-24,5.918
2020-06-23,5.903
2020-06-22,5.877
2020-06-19,5.849
2020-06-18,5.822
2020-06-17,5.835
2020-06-16,5.846
2020-06-15,5.792
2020-06-12,5.796
2020-06-11,5.781
2020-06-10,5.772
2020-06-09,5.775
2020-06-08,5.807
2020-06-05,5.821
2020-06-04,5.796
2020-06-03,6.031
2020-06-02,5.998
2020-06-01,6.042
2020-05-29,6.013
2020-05-28,5.99
2020-05-27,5.984
2020-05-26,5.975
2020-05-22,5.961
2020-05-21,6.034
2020-05-20,6.041
2020-05-19,6.035
2020-05-18,6.05
2020-05-15,6.081
2020-05-14,6.056
2020-05-13,6.095
2020-05-12,6.163
2020-05-11,6.167
2020-05-08,5.967
2020-05-06,6.028
2020-05-05,6.073
2020-05-04,6.084
2020-04-30,6.11
2020-04-29,6.125
2020-04-28,6.137
2020-04-27,6.153
2020-04-24,6.167
2020-04-23,6.06
2020-04-22,6.224
2020-04-21,6.212
2020-04-20,6.209
2020-04-17,6.347
2020-04-16,6.44
2020-04-15,6.425
2020-04-13,6.495
2020-04-09,6.49
2020-04-08,6.441
2020-04-07,6.414
2020-04-03,6.306
2020-03-31,6.138
2020-03-30,6.209
2020-03-27,6.144
2020-03-26,6.225
2020-03-24,6.304
2020-03-23,6.379
2020-03-20,6.259
2020-03-19,6.41
2020-03-18,6.296
2020-03-17,6.265
2020-03-16,6.208
2020-03-13,6.322
2020-03-12,6.236
2020-03-11,6.125
2020-03-09,6.066
2020-03-06,6.185
2020-03-05,6.239
2020-03-04,6.226
2020-03-03,6.342
2020-03-02,6.346
2020-02-28,6.371
2020-02-27,6.378
2020-02-26,6.346
2020-02-25,6.367
2020-02-24,6.367
2020-02-20,6.422
2020-02-18,6.384
2020-02-17,6.387
2020-02-14,6.369
2020-02-13,6.423
2020-02-12,6.473
2020-02-11,6.464
2020-02-10,6.44
2020-02-07,6.439
2020-02-06,6.446
2020-02-05,6.505
2020-02-04,6.504
2020-02-03,6.503
2020-01-31,6.599
2020-01-30,6.558
2020-01-29,6.568
2020-01-28,6.575
2020-01-27,6.551
2020-01-24,6.578
2020-01-23,6.596
2020-01-22,6.635
2020-01-21,6.633
2020-01-20,6.639
2020-01-17,6.622
2020-01-16,6.598
2020-01-15,6.623
2020-01-14,6.662
2020-01-13,6.592
2020-01-10,6.585
2020-01-09,6.524
2020-01-08,6.557
2020-01-07,6.55
2020-01-06,6.565
2020-01-03,6.51
2020-01-02,6.502
2020-01-01,6.501
2019-12-31,6.554
2019-12-30,6.544
2019-12-27,6.5
2019-12-26,6.576
2019-12-24,6.571
2019-12-23,6.562
2019-12-20,6.598
2019-12-19,6.746
2019-12-18,6.705
2019-12-17,6.744
2019-12-16,6.794
2019-12-13,6.782
2019-12-12,6.77
2019-12-11,6.76
2019-12-10,6.703
2019-12-09,6.659
2019-12-06,6.661
2019-12-05,6.608
2019-12-04,6.462
2019-12-03,6.462
2019-12-02,6.484
2019-11-29,6.46
2019-11-28,6.453
2019-11-27,6.467
2019-11-26,6.478
2019-11-25,6.468
2019-11-22,6.495
2019-11-21,6.505
2019-11-20,6.458
2019-11-19,6.473
2019-11-18,6.477
2019-11-15,6.519
2019-11-14,6.515
2019-11-13,6.528
2019-11-11,6.561
2019-11-08,6.554
2019-11-07,6.502
2019-11-06,6.486
2019-11-05,6.514
2019-11-04,6.471
2019-11-01,6.445
2019-10-31,6.643
2019-10-30,6.664
2019-10-29,6.679
2019-10-25,6.67
2019-10-24,6.678
2019-10-23,6.678
2019-10-22,6.7
2019-10-18,6.692
2019-10-17,6.699
2019-10-16,6.656
2019-10-15,6.66
2019-10-14,6.67
2019-10-11,6.727
2019-10-10,6.679
2019-10-09,6.655
2019-10-07,6.669
2019-10-04,6.68
2019-10-03,6.606
2019-10-01,6.657
2019-09-30,6.695
2019-09-27,6.729
2019-09-26,6.71
2019-09-25,6.754
2019-09-24,6.775
2019-09-23,6.739
2019-09-20,6.782
2019-09-19,6.634
2019-09-18,6.617
2019-09-17,6.728
2019-09-16,6.71
2019-09-13,6.631
2019-09-12,6.658
2019-09-11,6.674
2019-09-09,6.57
2019-09-06,6.597
2019-09-05,6.571
2019-09-04,6.545
2019-09-03,6.516
2019-08-30,6.556
2019-08-29,6.543
2019-08-28,6.564
2019-08-27,6.521
2019-08-26,6.472
2019-08-23,6.564
2019-08-22,6.554
2019-08-21,6.56
2019-08-20,6.578
2019-08-19,6.581
2019-08-16,6.535
2019-08-14,6.62
2019-08-13,6.518
2019-08-09,6.494
2019-08-08,6.402
2019-08-07,6.369
2019-08-06,6.338
2019-08-05,6.39
2019-08-02,6.352
2019-08-01,6.423
2019-07-31,6.369
2019-07-30,6.387
2019-07-29,6.412
2019-07-26,6.525
2019-07-25,6.514
2019-07-24,6.438
2019-07-23,6.464
2019-07-22,6.418
2019-07-19,6.361
2019-07-18,6.387
2019-07-17,6.345
2019-07-16,6.331
2019-07-15,6.433
2019-07-12,6.488
2019-07-11,6.493
2019-07-10,6.543
2019-07-09,6.588
2019-07-08,6.562
2019-07-05,6.695
2019-07-04,6.751
2019-07-03,6.833
2019-07-02,6.846
2019-07-01,6.882
2019-06-28,6.879
2019-06-27,6.897
2019-06-26,6.933
2019-06-25,6.882
2019-06-24,6.851
2019-06-21,6.861
2019-06-20,6.791
2019-06-19,6.841
2019-06-18,6.808
2019-06-17,6.931
2019-06-14,6.919
2019-06-13,7.009
2019-06-12,7.012
2019-06-11,7.037
2019-06-10,7.077
2019-06-07,6.974
2019-06-06,6.931
2019-06-04,7.022
2019-06-03,6.982
2019-05-31,7.032
2019-05-30,7.133
2019-05-29,7.125
2019-05-28,7.149
2019-05-27,7.167
2019-05-24,7.226
2019-05-23,7.239
2019-05-22,7.26
2019-05-21,7.303
2019-05-20,7.286
2019-05-17,7.362
2019-05-16,7.377
2019-05-15,7.379
2019-05-14,7.378
2019-05-13,7.388
2019-05-10,7.413
2019-05-09,7.397
2019-05-08,7.375
2019-05-07,7.382
2019-05-06,7.394
2019-05-03,7.397
2019-05-02,7.386
2019-04-30,7.414
2019-04-26,7.408
2019-04-25,7.451
2019-04-24,7.424
2019-04-23,7.473
2019-04-22,7.474
2019-04-18,7.42
2019-04-16,7.39
2019-04-15,7.392
2019-04-12,7.409
2019-04-11,7.371
2019-04-10,7.367
2019-04-09,7.374
2019-04-08,7.4
2019-04-05,7.353
2019-04-04,7.348
2019-04-03,7.271
2019-04-02,7.272
2019-03-29,7.346
2019-03-28,7.323
2019-03-27,7.327
2019-03-26,7.342
2019-03-25,7.471
2019-03-22,7.504
2019-03-20,7.517
2019-03-19,7.536
2019-03-18,7.48
2019-03-15,7.502
2019-03-14,7.553
2019-03-13,7.548
2019-03-12,7.513
2019-03-11,7.512
2019-03-08,7.532
2019-03-07,7.58
2019-03-06,7.572
2019-03-05,7.556
2019-03-01,7.556
2019-02-28,7.591
2019-02-27,7.672
2019-02-26,7.587
2019-02-25,7.584
2019-02-22,7.605
2019-02-21,7.544
2019-02-20,7.545
2019-02-18,7.58
2019-02-15,7.577
2019-02-14,7.521
2019-02-13,7.466
2019-02-12,7.534
2019-02-11,7.529
2019-02-08,7.524
2019-02-07,7.501
2019-02-06,7.565
2019-02-05,7.615
2019-02-04,7.672
2019-02-01,7.61
2019-01-31,7.483
2019-01-30,7.551
2019-01-29,7.525
2019-01-28,7.541
2019-01-25,7.546
2019-01-24,7.557
2019-01-23,7.577
2019-01-22,7.533
2019-01-21,7.569
2019-01-18,7.596
2019-01-17,7.549
2019-01-16,7.563
2019-01-15,7.473
2019-01-14,7.431
2019-01-11,7.503
2019-01-10,7.476
2019-01-09,7.47
2019-01-08,7.454
2019-01-07,7.508
2019-01-04,7.448
2019-01-03,7.427
2019-01-02,7.354
2019-01-01,7.418
2018-12-31,7.37
2018-12-28,7.391
2018-12-27,7.277
2018-12-26,7.263
2018-12-24,7.287
2018-12-21,7.276
2018-12-20,7.272
2018-12-19,7.219
2018-12-18,7.345
2018-12-17,7.461
2018-12-14,7.441
2018-12-13,7.408
2018-12-12,7.411
2018-12-11,7.528
2018-12-10,7.587
2018-12-07,7.464
2018-12-06,7.423
2018-12-05,7.44
2018-12-04,7.574
2018-12-03,7.626
2018-11-30,7.607
2018-11-29,7.608
2018-11-28,7.644
2018-11-27,7.734
2018-11-26,7.726
2018-11-22,7.71
2018-11-20,7.792
2018-11-19,7.791
2018-11-16,7.815
2018-11-15,7.756
2018-11-14,7.733
2018-11-13,7.762
2018-11-12,7.804
2018-11-09,7.765
2018-11-06,7.796
2018-11-05,7.808
2018-11-02,7.781
2018-11-01,7.823
2018-10-31,7.853
2018-10-30,7.834
2018-10-29,7.81
2018-10-26,7.877
2018-10-25,7.867
2018-10-24,7.872
2018-10-23,7.894
2018-10-22,7.93
2018-10-19,7.921
2018-10-17,7.909
2018-10-16,7.872
2018-10-15,7.921
2018-10-12,7.984
2018-10-11,7.986
2018-10-10,8.031
2018-10-09,8.076
2018-10-08,7.974
2018-10-05,8.024
2018-10-04,8.158
2018-10-03,8.112
2018-10-01,7.988
2018-09-28,8.024
2018-09-27,8.027
2018-09-26,8.072
2018-09-25,8.125
2018-09-24,8.122
2018-09-21,8.076
2018-09-19,8.074
2018-09-18,8.14
2018-09-17,8.098
2018-09-16,8.124
2018-09-14,8.127
2018-09-12,8.134
2018-09-11,8.182
2018-09-10,8.158
2018-09-07,8.031
2018-09-06,8.056
2018-09-05,8.049
2018-09-04,8.062
2018-09-03,7.999
2018-08-31,7.951
2018-08-30,7.93
2018-08-29,7.918
2018-08-28,7.895
2018-08-27,7.894
2018-08-24,7.871
2018-08-23,7.879
2018-08-21,7.827
2018-08-20,7.838
2018-08-16,7.861
2018-08-14,7.818
2018-08-13,7.823
2018-08-10,7.754
2018-08-09,7.745
2018-08-08,7.782
2018-08-07,7.786
2018-08-06,7.768
2018-08-03,7.763
2018-08-02,7.721
2018-08-01,7.701
2018-07-31,7.772
2018-07-30,7.79
2018-07-27,7.78
2018-07-26,7.759
2018-07-25,7.785
2018-07-24,7.784
2018-07-23,7.81
2018-07-20,7.785
2018-07-19,7.785
2018-07-18,7.752
2018-07-17,7.746
2018-07-16,7.8
2018-07-13,7.791
2018-07-12,7.78
2018-07-11,7.872
2018-07-10,7.9
2018-07-09,7.89
2018-07-06,7.87
2018-07-05,7.897
2018-07-04,7.852
2018-07-03,7.883
2018-07-02,7.912
2018-06-29,7.903
2018-06-28,7.935
2018-06-27,7.871
2018-06-26,7.829
2018-06-25,7.824
2018-06-22,7.819
2018-06-21,7.772
2018-06-20,7.827
2018-06-19,7.863
2018-06-18,7.877
2018-06-15,7.889
2018-06-14,7.945
2018-06-13,7.93
2018-06-12,7.966
2018-06-11,7.963
2018-06-08,7.947
2018-06-07,7.993
2018-06-06,7.917
2018-06-05,7.834
2018-06-04,7.876
2018-06-01,7.848
2018-05-31,7.826
2018-05-30,7.782
2018-05-29,7.756
2018-05-28,7.739
2018-05-25,7.794
2018-05-24,7.871
2018-05-23,7.849
2018-05-22,7.809
2018-05-21,7.809
2018-05-20,7.835
2018-05-18,7.835
2018-05-17,7.88
2018-05-16,7.902
2018-05-15,7.903
2018-05-14,7.826
2018-05-11,7.726
2018-05-10,7.715
2018-05-09,7.709
2018-05-08,7.58
2018-05-07,7.622
2018-05-04,7.728
2018-05-03,7.734
2018-05-02,7.733
2018-04-27,7.767
2018-04-26,7.755
2018-04-25,7.738
2018-04-24,7.683
2018-04-23,7.74
2018-04-20,7.718
2018-04-19,7.631
2018-04-18,7.536
2018-04-17,7.489
2018-04-16,7.486
2018-04-13,7.431
2018-04-12,7.468
2018-04-11,7.536
2018-04-10,7.379
2018-04-09,7.226
2018-04-06,7.175
2018-04-05,7.127
2018-04-04,7.294
2018-04-03,7.332
2018-03-28,7.398
2018-03-27,7.333
2018-03-26,7.623
2018-03-23,7.557
2018-03-22,7.56
2018-03-21,7.581
2018-03-20,7.615
2018-03-19,7.608
2018-03-16,7.557
2018-03-15,7.633
2018-03-14,7.685
2018-03-13,7.653
2018-03-12,7.629
2018-03-09,7.671
2018-03-08,7.662
2018-03-07,7.678
2018-03-06,7.775
2018-03-05,7.776
2018-03-01,7.738
2018-02-28,7.726
2018-02-27,7.666
2018-02-26,7.688
2018-02-23,7.667
2018-02-22,7.746
2018-02-21,7.71
2018-02-20,7.668
2018-02-18,7.583
2018-02-16,7.577
2018-02-15,7.568
2018-02-14,7.491
2018-02-12,7.496
2018-02-09,7.49
2018-02-08,7.466
2018-02-07,7.531
2018-02-06,7.568
2018-02-05,7.605
2018-02-02,7.562
2018-02-01,7.605
2018-01-31,7.43
2018-01-30,7.434
2018-01-29,7.441
2018-01-25,7.307
2018-01-24,7.276
2018-01-23,7.413
2018-01-22,7.462
2018-01-19,7.479
2018-01-18,7.471
2018-01-17,7.415
2018-01-16,7.552
2018-01-15,7.443
2018-01-12,7.455
2018-01-11,7.436
2018-01-10,7.441
2018-01-09,7.367
2018-01-08,7.344
2018-01-05,7.288
2018-01-04,7.331
2018-01-03,7.322
2018-01-02,7.384
2018-01-01,7.337
